代码,    名称
SZ002728,台城制药
SZ002727,一心堂
SZ002726,龙大肉食
SZ002725,跃岭股份
SZ002723,金莱特
SZ002722,金轮股份
SZ002721,金一文化
SZ002720,宏良股份
SZ002719,麦趣尔
SZ002718,友邦吊顶
SZ002717,岭南园林
SZ002716,金贵银业
SZ002715,登云股份
SZ002714,牧原股份
SZ002713,东易日盛
SZ002712,思美传媒
SZ002711,欧浦钢网
SZ002710,慈铭体检
SZ002709,天赐材料
SZ002708,光洋股份
SZ002707,众信旅游
SZ002706,良信电器
SZ002705,新宝股份
SZ002703,浙江世宝
SZ002702,海欣食品
SZ002701,奥瑞金
SZ002700,新疆浩源
SZ002699,美盛文化
SZ002698,博实股份
SZ002697,红旗连锁
SZ002696,百洋股份
SZ002695,煌上煌
SZ002694,顾地科技
SZ002693,双成药业
SZ002692,远程电缆
SZ002691,石中装备
SZ002690,美亚光电
SZ002689,博林特
SZ002688,金河生物
SZ002687,乔治白
SZ002686,亿利达
SZ002685,华东重机
SZ002684,猛狮科技
SZ002683,宏大爆破
SZ002682,龙洲股份
SZ002681,奋达科技
SZ002680,黄海机械
SZ002679,福建金森
SZ002678,珠江钢琴
SZ002677,浙江美大
SZ002676,顺威股份
SZ002675,东诚药业
SZ002674,兴业科技
SZ002673,西部证券
SZ002672,东江环保
SZ002671,龙泉股份
SZ002670,华声股份
SZ002669,康达新材
SZ002668,奥马电器
SZ002667,鞍重股份
SZ002666,德联集团
SZ002665,首航节能
SZ002664,信质电机
SZ002663,普邦园林
SZ002662,京威股份
SZ002661,克明面业
SZ002660,茂硕电源
SZ002659,中泰桥梁
SZ002658,雪迪龙
SZ002657,中科金财
SZ002656,卡奴迪路
SZ002655,共达电声
SZ002654,万润科技
SZ002653,海思科
SZ002652,扬子新材
SZ002651,利君股份
SZ002650,加加食品
SZ002649,博彦科技
SZ002648,卫星石化
SZ002647,宏磊股份
SZ002646,青青稞酒
SZ002645,华宏科技
SZ002644,佛慈制药
SZ002643,烟台万润
SZ002642,荣之联
SZ002641,永高股份
SZ002640,百圆裤业
SZ002639,雪人股份
SZ002638,勤上光电
SZ002637,赞宇科技
SZ002636,金安国纪
SZ002635,安洁科技
SZ002634,棒杰股份
SZ002633,申科股份
SZ002632,道明光学
SZ002631,德尔家居
SZ002630,华西能源
SZ002629,仁智油服
SZ002628,成都路桥
SZ002627,宜昌交运
SZ002626,金达威
SZ002625,龙生股份
SZ002624,金磊股份
SZ002623,亚玛顿
SZ002622,永大集团
SZ002621,大连三垒
SZ002620,瑞和股份
SZ002619,巨龙管业
SZ002618,丹邦科技
SZ002617,露笑科技
SZ002616,长青集团
SZ002615,哈尔斯
SZ002614,蒙发利
SZ002613,北玻股份
SZ002612,朗姿股份
SZ002611,东方精工
SZ002610,爱康科技
SZ002609,捷顺科技
SZ002608,舜天船舶
SZ002607,亚夏汽车
SZ002606,大连电瓷
SZ002605,姚记扑克
SZ002604,龙力生物
SZ002603,以岭药业
SZ002602,世纪华通
SZ002601,佰利联
SZ002600,江粉磁材
SZ002599,盛通股份
SZ002598,山东章鼓
SZ002597,金禾实业
SZ002596,海南瑞泽
SZ002595,豪迈科技
SZ002594,比亚迪
SZ002593,日上集团
SZ002592,八菱科技
SZ002591,恒大高新
SZ002590,万安科技
SZ002589,瑞康医药
SZ002588,史丹利
SZ002587,奥拓电子
SZ002586,围海股份
SZ002585,双星新材
SZ002584,西陇化工
SZ002583,海能达
SZ002582,好想你
SZ002581,万昌科技
SZ002580,圣阳股份
SZ002579,中京电子
SZ002578,闽发铝业
SZ002577,雷柏科技
SZ002576,通达动力
SZ002575,群兴玩具
SZ002574,明牌珠宝
SZ002573,国电清新
SZ002572,索菲亚
SZ002571,德力股份
SZ002570,贝因美
SZ002569,步森股份
SZ002568,百润股份
SZ002567,唐人神
SZ002566,益盛药业
SZ002565,上海绿新
SZ002564,张化机
SZ002563,森马服饰
SZ002562,兄弟科技
SZ002561,徐家汇
SZ002560,通达股份
SZ002559,亚威股份
SZ002558,世纪游轮
SZ002557,洽洽食品
SZ002556,辉隆股份
SZ002555,顺荣股份
SZ002554,惠博普
SZ002553,南方轴承
SZ002552,宝鼎重工
SZ002551,尚荣医疗
SZ002550,千红制药
SZ002549,凯美特气
SZ002548,金新农
SZ002547,春兴精工
SZ002546,新联电子
SZ002545,东方铁塔
SZ002544,杰赛科技
SZ002543,万和电气
SZ002542,中化岩土
SZ002541,鸿路钢构
SZ002540,亚太科技
SZ002539,新都化工
SZ002538,司尔特
SZ002537,海立美达
SZ002536,西泵股份
SZ002535,林州重机
SZ002534,杭锅股份
SZ002533,金杯电工
SZ002532,新界泵业
SZ002531,天顺风能
SZ002530,丰东股份
SZ002529,海源机械
SZ002528,英飞拓
SZ002527,新时达
SZ002526,山东矿机
SZ002524,光正集团
SZ002523,天桥起重
SZ002522,浙江众成
SZ002521,齐峰新材
SZ002520,日发精机
SZ002519,银河电子
SZ002518,科士达
SZ002517,泰亚股份
SZ002516,江苏旷达
SZ002515,金字火腿
SZ002514,宝馨科技
SZ002513,蓝丰生化
SZ002512,达华智能
SZ002511,中顺洁柔
SZ002510,天汽模
SZ002509,天广消防
SZ002508,老板电器
SZ002507,涪陵榨菜
SZ002505,大康牧业
SZ002504,东光微电
SZ002503,搜于特
SZ002502,骅威股份
SZ002501,利源精制
SZ002500,山西证券
SZ002499,科林环保
SZ002498,汉缆股份
SZ002497,雅化集团
SZ002496,辉丰股份
SZ002495,佳隆股份
SZ002494,华斯股份
SZ002493,荣盛石化
SZ002492,恒基达鑫
SZ002491,通鼎光电
SZ002490,山东墨龙
SZ002489,浙江永强
SZ002488,金固股份
SZ002487,大金重工
SZ002486,嘉麟杰
SZ002485,希努尔
SZ002484,江海股份
SZ002483,润邦股份
SZ002482,广田股份
SZ002481,双塔食品
SZ002480,新筑股份
SZ002479,富春环保
SZ002478,常宝股份
SZ002477,雏鹰农牧
SZ002476,宝莫股份
SZ002475,立讯精密
SZ002474,榕基软件
SZ002473,圣莱达
SZ002472,双环传动
SZ002471,中超电缆
SZ002470,金正大
SZ002469,三维工程
SZ002468,艾迪西
SZ002467,二六三
SZ002466,天齐锂业
SZ002465,海格通信
SZ002464,金利科技
SZ002463,沪电股份
SZ002462,嘉事堂
SZ002461,珠江啤酒
SZ002460,赣锋锂业
SZ002459,*ST天业
SZ002458,益生股份
SZ002457,青龙管业
SZ002456,欧菲光
SZ002455,百川股份
SZ002454,松芝股份
SZ002453,天马精化
SZ002452,长高集团
SZ002451,摩恩电气
SZ002450,康得新
SZ002449,国星光电
SZ002448,中原内配
SZ002447,壹桥苗业
SZ002446,盛路通信
SZ002445,中南重工
SZ002444,巨星科技
SZ002443,金洲管道
SZ002442,龙星化工
SZ002441,众业达
SZ002440,闰土股份
SZ002439,启明星辰
SZ002438,江苏神通
SZ002437,誉衡药业
SZ002436,兴森科技
SZ002435,长江润发
SZ002434,万里扬
SZ002433,太安堂
SZ002432,九安医疗
SZ002431,棕榈园林
SZ002430,杭氧股份
SZ002429,兆驰股份
SZ002428,云南锗业
SZ002427,尤夫股份
SZ002426,胜利精密
SZ002425,凯撒股份
SZ002424,贵州百灵
SZ002423,中原特钢
SZ002422,科伦药业
SZ002421,达实智能
SZ002420,毅昌股份
SZ002419,天虹商场
SZ002418,康盛股份
SZ002417,三元达
SZ002416,爱施德
SZ002415,海康威视
SZ002414,高德红外
SZ002413,常发股份
SZ002412,汉森制药
SZ002411,九九久
SZ002410,广联达
SZ002409,雅克科技
SZ002408,齐翔腾达
SZ002407,多氟多
SZ002406,远东传动
SZ002405,四维图新
SZ002404,嘉欣丝绸
SZ002403,爱仕达
SZ002402,和而泰
SZ002401,中海科技
SZ002400,省广股份
SZ002399,海普瑞
SZ002398,建研集团
SZ002397,梦洁家纺
SZ002396,星网锐捷
SZ002395,双象股份
SZ002394,联发股份
SZ002393,力生制药
SZ002392,北京利尔
SZ002391,长青股份
SZ002390,信邦制药
SZ002389,南洋科技
SZ002388,新亚制程
SZ002387,黑牛食品
SZ002386,天原集团
SZ002385,大北农
SZ002384,东山精密
SZ002383,合众思壮
SZ002382,蓝帆医疗
SZ002381,双箭股份
SZ002380,科远股份
SZ002379,鲁丰环保
SZ002378,章源钨业
SZ002377,国创高新
SZ002376,新北洋
SZ002375,亚厦股份
SZ002374,丽鹏股份
SZ002373,千方科技
SZ002372,伟星新材
SZ002371,七星电子
SZ002370,亚太药业
SZ002369,卓翼科技
SZ002368,太极股份
SZ002367,康力电梯
SZ002366,丹甫股份
SZ002365,永安药业
SZ002364,中恒电气
SZ002363,隆基机械
SZ002362,汉王科技
SZ002361,神剑股份
SZ002360,同德化工
SZ002359,齐星铁塔
SZ002358,森源电气
SZ002357,富临运业
SZ002356,浩宁达
SZ002355,兴民钢圈
SZ002354,科冕木业
SZ002353,杰瑞股份
SZ002352,鼎泰新材
SZ002351,漫步者
SZ002350,北京科锐
SZ002349,精华制药
SZ002348,高乐股份
SZ002347,泰尔重工
SZ002346,柘中建设
SZ002345,潮宏基
SZ002344,海宁皮城
SZ002343,禾欣股份
SZ002342,巨力索具
SZ002341,新纶科技
SZ002340,格林美
SZ002339,积成电子
SZ002338,奥普光电
SZ002337,赛象科技
SZ002336,人人乐
SZ002335,科华恒盛
SZ002334,英威腾
SZ002333,罗普斯金
SZ002332,仙琚制药
SZ002331,皖通科技
SZ002330,得利斯
SZ002329,皇氏乳业
SZ002328,新朋股份
SZ002327,富安娜
SZ002326,永太科技
SZ002325,洪涛股份
SZ002324,普利特
SZ002323,中联电气
SZ002322,理工监测
SZ002321,华英农业
SZ002320,海峡股份
SZ002319,乐通股份
SZ002318,久立特材
SZ002317,众生药业
SZ002316,键桥通讯
SZ002315,焦点科技
SZ002314,雅致股份
SZ002313,日海通讯
SZ002312,三泰电子
SZ002311,海大集团
SZ002310,东方园林
SZ002309,中利科技
SZ002308,威创股份
SZ002307,北新路桥
SZ002306,湘鄂情
SZ002305,南国置业
SZ002304,洋河股份
SZ002303,美盈森
SZ002302,西部建设
SZ002301,齐心文具
SZ002300,太阳电缆
SZ002299,圣农发展
SZ002298,鑫龙电器
SZ002297,博云新材
SZ002296,辉煌科技
SZ002295,精艺股份
SZ002294,信立泰
SZ002293,罗莱家纺
SZ002292,奥飞动漫
SZ002291,星期六
SZ002290,禾盛新材
SZ002289,宇顺电子
SZ002288,超华科技
SZ002287,奇正藏药
SZ002286,保龄宝
SZ002285,世联行
SZ002284,亚太股份
SZ002283,天润曲轴
SZ002282,博深工具
SZ002281,光迅科技
SZ002280,新世纪
SZ002279,久其软件
SZ002278,神开股份
SZ002277,友阿股份
SZ002276,万马股份
SZ002275,桂林三金
SZ002274,华昌化工
SZ002273,水晶光电
SZ002272,川润股份
SZ002271,东方雨虹
SZ002270,法因数控
SZ002269,美邦服饰
SZ002268,卫 士 通
SZ002267,陕天然气
SZ002266,浙富控股
SZ002265,西仪股份
SZ002264,新 华 都
SZ002263,大 东 南
SZ002262,恩华药业
SZ002261,拓维信息
SZ002260,伊 立 浦
SZ002259,升达林业
SZ002258,利尔化学
SZ002256,彩虹精化
SZ002255,海陆重工
SZ002254,泰和新材
SZ002253,川大智胜
SZ002252,上海莱士
SZ002251,步 步 高
SZ002250,联化科技
SZ002249,大洋电机
SZ002248,*ST东数
SZ002247,帝龙新材
SZ002246,北化股份
SZ002245,澳洋顺昌
SZ002244,滨江集团
SZ002243,通产丽星
SZ002242,九阳股份
SZ002241,歌尔声学
SZ002240,威华股份
SZ002239,金 飞 达
SZ002238,天威视讯
SZ002237,恒邦股份
SZ002236,大华股份
SZ002235,安妮股份
SZ002234,*ST民和
SZ002233,塔牌集团
SZ002232,启明信息
SZ002231,奥维通信
SZ002230,科大讯飞
SZ002229,鸿博股份
SZ002228,合兴包装
SZ002227,奥 特 迅
SZ002226,江南化工
SZ002225,濮耐股份
SZ002224,三 力 士
SZ002223,鱼跃医疗
SZ002222,福晶科技
SZ002221,东华能源
SZ002220,天宝股份
SZ002219,恒康医疗
SZ002218,拓日新能
SZ002217,*ST合泰
SZ002216,三全食品
SZ002215,诺 普 信
SZ002214,大立科技
SZ002213,特 尔 佳
SZ002212,南洋股份
SZ002211,宏达新材
SZ002210,飞马国际
SZ002209,达 意 隆
SZ002208,合肥城建
SZ002207,准油股份
SZ002206,海 利 得
SZ002205,国统股份
SZ002204,大连重工
SZ002203,海亮股份
SZ002202,金风科技
SZ002201,九鼎新材
SZ002200,绿大地
SZ002199,东晶电子
SZ002198,嘉应制药
SZ002197,证通电子
SZ002196,方正电机
SZ002195,海隆软件
SZ002194,武汉凡谷
SZ002193,山东如意
SZ002192,路翔股份
SZ002191,劲嘉股份
SZ002190,成飞集成
SZ002189,利达光电
SZ002188,新 嘉 联
SZ002187,广百股份
SZ002186,全 聚 德
SZ002185,华天科技
SZ002184,海得控制
SZ002183,怡 亚 通
SZ002182,云海金属
SZ002181,粤 传 媒
SZ002180,万 力 达
SZ002179,中航光电
SZ002178,延华智能
SZ002177,御银股份
SZ002176,江特电机
SZ002175,广陆数测
SZ002174,游族网络
SZ002173,千足珍珠
SZ002172,澳洋科技
SZ002171,精诚铜业
SZ002170,芭田股份
SZ002169,智光电气
SZ002168,深圳惠程
SZ002167,东方锆业
SZ002166,莱茵生物
SZ002165,红 宝 丽
SZ002164,*ST东力
SZ002163,*ST三鑫
SZ002162,斯米克
SZ002161,远 望 谷
SZ002160,*ST常铝
SZ002159,三特索道
SZ002158,汉钟精机
SZ002157,正邦科技
SZ002156,通富微电
SZ002155,辰州矿业
SZ002154,报 喜 鸟
SZ002153,石基信息
SZ002152,广电运通
SZ002151,北斗星通
SZ002150,通润装备
SZ002149,西部材料
SZ002148,北纬通信
SZ002147,方圆支承
SZ002146,荣盛发展
SZ002145,中核钛白
SZ002144,宏达高科
SZ002143,高金食品
SZ002142,宁波银行
SZ002141,蓉胜超微
SZ002140,东华科技
SZ002139,拓邦股份
SZ002138,顺络电子
SZ002137,实 益 达
SZ002136,安 纳 达
SZ002135,东南网架
SZ002134,*ST普林
SZ002133,广宇集团
SZ002132,恒星科技
SZ002131,利欧股份
SZ002130,沃尔核材
SZ002129,中环股份
SZ002128,露天煤业
SZ002127,*ST新民
SZ002126,银轮股份
SZ002125,湘潭电化
SZ002124,天邦股份
SZ002123,荣信股份
SZ002122,天马股份
SZ002121,科陆电子
SZ002120,新海股份
SZ002119,康强电子
SZ002118,紫鑫药业
SZ002117,东港股份
SZ002116,中国海诚
SZ002115,三维通信
SZ002114,罗平锌电
SZ002113,天润控股
SZ002112,三变科技
SZ002111,威海广泰
SZ002110,三钢闽光
SZ002109,兴化股份
SZ002108,沧州明珠
SZ002107,沃华医药
SZ002106,莱宝高科
SZ002105,信隆实业
SZ002104,恒宝股份
SZ002103,广博股份
SZ002102,冠福家用
SZ002101,广东鸿图
SZ002100,天康生物
SZ002099,海翔药业
SZ002098,浔兴股份
SZ002097,山河智能
SZ002096,南岭民爆
SZ002095,生 意 宝
SZ002094,青岛金王
SZ002093,国脉科技
SZ002092,中泰化学
SZ002091,江苏国泰
SZ002090,金智科技
SZ002089,新 海 宜
SZ002088,鲁阳股份
SZ002087,新野纺织
SZ002086,东方海洋
SZ002085,万丰奥威
SZ002084,海鸥卫浴
SZ002083,孚日股份
SZ002082,栋梁新材
SZ002081,金 螳 螂
SZ002080,中材科技
SZ002079,苏州固锝
SZ002078,太阳纸业
SZ002077,大港股份
SZ002076,雪 莱 特
SZ002075,沙钢股份
SZ002074,东源电器
SZ002073,软控股份
SZ002072,德棉股份
SZ002071,长城影视
SZ002070,众和股份
SZ002069,獐 子 岛
SZ002068,黑猫股份
SZ002067,景兴纸业
SZ002066,瑞泰科技
SZ002065,东华软件
SZ002064,华峰氨纶
SZ002063,远光软件
SZ002062,宏润建设
SZ002061,江山化工
SZ002060,粤 水 电
SZ002059,云南旅游
SZ002058,威 尔 泰
SZ002057,中钢天源
SZ002056,横店东磁
SZ002055,得润电子
SZ002054,德美化工
SZ002053,云南盐化
SZ002052,同洲电子
SZ002051,中工国际
SZ002050,三花股份
SZ002049,同方国芯
SZ002048,宁波华翔
SZ002047,宝鹰股份
SZ002046,轴研科技
SZ002045,国光电器
SZ002044,江苏三友
SZ002043,兔 宝 宝
SZ002042,华孚色纺
SZ002041,登海种业
SZ002040,南 京 港
SZ002039,黔源电力
SZ002038,双鹭药业
SZ002037,久联发展
SZ002036,宜科科技
SZ002035,华帝股份
SZ002034,美 欣 达
SZ002033,丽江旅游
SZ002032,苏 泊 尔
SZ002031,巨轮股份
SZ002030,达安基因
SZ002029,七 匹 狼
SZ002028,思源电气
SZ002027,七喜控股
SZ002026,山东威达
SZ002025,航天电器
SZ002024,苏宁云商
SZ002023,海特高新
SZ002022,科华生物
SZ002021,中捷股份
SZ002020,京新药业
SZ002019,鑫富药业
SZ002018,华星化工
SZ002017,东信和平
SZ002016,世荣兆业
SZ002015,*ST霞客
SZ002014,永新股份
SZ002013,中航机电
SZ002012,凯恩股份
SZ002011,盾安环境
SZ002010,传化股份
SZ002009,天奇股份
SZ002008,大族激光
SZ002007,华兰生物
SZ002006,*ST精功
SZ002005,德豪润达
SZ002004,华邦颖泰
SZ002003,伟星股份
SZ002002,鸿达兴业
SZ002001,新 和 成
SZ001896,豫能控股
SZ001696,宗申动力
SZ000999,华润三九
SZ000998,隆平高科
SZ000997,新 大 陆
SZ000996,中国中期
SZ000995,皇台酒业
SZ000993,闽东电力
SZ000990,诚志股份
SZ000989,九 芝 堂
SZ000988,华工科技
SZ000987,广州友谊
SZ000985,大庆华科
SZ000983,西山煤电
SZ000982,中银绒业
SZ000981,银亿股份
SZ000980,金马股份
SZ000979,中弘股份
SZ000978,桂林旅游
SZ000977,浪潮信息
SZ000976,春晖股份
SZ000975,银泰资源
SZ000973,佛塑科技
SZ000972,新中基
SZ000971,蓝鼎控股
SZ000970,中科三环
SZ000969,安泰科技
SZ000968,煤 气 化
SZ000967,上风高科
SZ000966,长源电力
SZ000965,天保基建
SZ000963,华东医药
SZ000962,东方钽业
SZ000961,中南建设
SZ000960,锡业股份
SZ000959,首钢股份
SZ000958,东方热电
SZ000957,中通客车
SZ000955,欣龙控股
SZ000953,河池化工
SZ000952,广济药业
SZ000951,中国重汽
SZ000950,建峰化工
SZ000949,新乡化纤
SZ000948,南天信息
SZ000939,凯迪电力
SZ000938,紫光股份
SZ000937,冀中能源
SZ000936,华西股份
SZ000935,四川双马
SZ000933,神火股份
SZ000932,华菱钢铁
SZ000931,中 关 村
SZ000930,中粮生化
SZ000929,兰州黄河
SZ000928,*ST吉炭
SZ000927,一汽夏利
SZ000926,福星股份
SZ000925,众合机电
SZ000923,河北宣工
SZ000922,佳电股份
SZ000921,海信科龙
SZ000920,南方汇通
SZ000919,金陵药业
SZ000918,嘉凯城
SZ000917,电广传媒
SZ000916,华北高速
SZ000915,山大华特
SZ000913,钱江摩托
SZ000912,泸 天 化
SZ000911,南宁糖业
SZ000910,大亚科技
SZ000909,数源科技
SZ000908,天一科技
SZ000906,物产中拓
SZ000905,厦门港务
SZ000903,云内动力
SZ000902,新洋丰
SZ000901,航天科技
SZ000900,现代投资
SZ000899,赣能股份
SZ000898,鞍钢股份
SZ000897,津滨发展
SZ000895,双汇发展
SZ000893,东凌粮油
SZ000892,星美联合
SZ000890,法 尔 胜
SZ000889,茂业物流
SZ000888,峨眉山Ａ
SZ000887,中鼎股份
SZ000886,海南高速
SZ000885,同力水泥
SZ000883,湖北能源
SZ000882,华联股份
SZ000881,大连国际
SZ000880,潍柴重机
SZ000878,云南铜业
SZ000877,天山股份
SZ000876,新 希 望
SZ000875,吉电股份
SZ000869,张  裕Ａ
SZ000868,安凯客车
SZ000863,三湘股份
SZ000862,银星能源
SZ000861,海印股份
SZ000860,顺鑫农业
SZ000859,国风塑业
SZ000858,五 粮 液
SZ000856,冀东装备
SZ000852,江钻股份
SZ000851,高鸿股份
SZ000850,华茂股份
SZ000848,承德露露
SZ000839,中信国安
SZ000838,国兴地产
SZ000837,秦川发展
SZ000836,鑫茂科技
SZ000835,四川圣达
SZ000833,贵糖股份
SZ000831,五矿稀土
SZ000830,鲁西化工
SZ000829,天音控股
SZ000828,东莞控股
SZ000826,桑德环境
SZ000825,太钢不锈
SZ000823,超声电子
SZ000822,*ST海化
SZ000821,京山轻机
SZ000820,金城股份
SZ000819,岳阳兴长
SZ000818,方大化工
SZ000816,江淮动力
SZ000815,美利纸业
SZ000813,天山纺织
SZ000812,陕西金叶
SZ000811,烟台冰轮
SZ000810,华润锦华
SZ000809,铁岭新城
SZ000807,云铝股份
SZ000806,银河投资
SZ000803,金宇车城
SZ000802,北京旅游
SZ000801,四川九洲
SZ000800,一汽轿车
SZ000799,酒 鬼 酒
SZ000798,中水渔业
SZ000797,中国武夷
SZ000796,易食股份
SZ000795,太原刚玉
SZ000793,华闻传媒
SZ000792,盐湖股份
SZ000791,甘肃电投
SZ000790,华神集团
SZ000789,江西水泥
SZ000788,北大医药
SZ000786,北新建材
SZ000785,武汉中商
SZ000783,长江证券
SZ000782,美达股份
SZ000780,平庄能源
SZ000779,*ST派神
SZ000778,新兴铸管
SZ000777,中核科技
SZ000776,广发证券
SZ000768,中航飞机
SZ000767,漳泽电力
SZ000766,通化金马
SZ000762,西藏矿业
SZ000761,本钢板材
SZ000760,斯太尔
SZ000759,中百集团
SZ000758,中色股份
SZ000757,浩物股份
SZ000756,新华制药
SZ000755,*ST三维
SZ000753,漳州发展
SZ000752,西藏发展
SZ000750,国海证券
SZ000748,长城信息
SZ000739,普洛药业
SZ000738,中航动控
SZ000737,南风化工
SZ000736,中房地产
SZ000735,罗 牛 山
SZ000733,振华科技
SZ000732,泰禾集团
SZ000731,四川美丰
SZ000729,燕京啤酒
SZ000728,国元证券
SZ000727,华东科技
SZ000726,鲁  泰Ａ
SZ000725,京东方Ａ
SZ000723,美锦能源
SZ000722,湖南发展
SZ000721,西安饮食
SZ000720,新能泰山
SZ000719,大地传媒
SZ000718,苏宁环球
SZ000717,韶钢松山
SZ000716,南方食品
SZ000715,中兴商业
SZ000713,丰乐种业
SZ000712,锦龙股份
SZ000711,天伦置业
SZ000710,天兴仪表
SZ000709,河北钢铁
SZ000708,大冶特钢
SZ000707,双环科技
SZ000705,浙江震元
SZ000703,恒逸石化
SZ000702,正虹科技
SZ000701,厦门信达
SZ000700,模塑科技
SZ000698,沈阳化工
SZ000697,炼石有色
SZ000695,滨海能源
SZ000693,华泽钴镍
SZ000692,惠天热电
SZ000691,亚太实业
SZ000690,宝新能源
SZ000688,建新矿业
SZ000687,恒天天鹅
SZ000686,东北证券
SZ000685,中山公用
SZ000683,远兴能源
SZ000682,东方电子
SZ000681,远东股份
SZ000680,山推股份
SZ000679,大连友谊
SZ000678,襄阳轴承
SZ000677,恒天海龙
SZ000676,思达高科
SZ000673,当代东方
SZ000672,上峰水泥
SZ000671,阳 光 城
SZ000670,舜元实业
SZ000669,金鸿能源
SZ000668,荣丰控股
SZ000667,美好集团
SZ000666,经纬纺机
SZ000665,湖北广电
SZ000663,永安林业
SZ000662,索芙特
SZ000661,长春高新
SZ000659,*ST中富
SZ000657,中钨高新
SZ000656,金科股份
SZ000655,金岭矿业
SZ000652,泰达股份
SZ000651,格力电器
SZ000650,仁和药业
SZ000639,西王食品
SZ000638,万方发展
SZ000637,茂化实华
SZ000636,风华高科
SZ000635,英 力 特
SZ000633,合金投资
SZ000632,三木集团
SZ000631,顺发恒业
SZ000630,铜陵有色
SZ000629,攀钢钒钛
SZ000628,高新发展
SZ000627,天茂集团
SZ000626,如意集团
SZ000625,长安汽车
SZ000623,吉林敖东
SZ000622,恒立实业
SZ000620,新华联
SZ000619,海螺型材
SZ000617,石油济柴
SZ000616,亿城投资
SZ000615,湖北金环
SZ000613,大东海A
SZ000612,焦作万方
SZ000611,四海股份
SZ000610,西安旅游
SZ000609,绵世股份
SZ000608,阳光股份
SZ000607,华智控股
SZ000606,青海明胶
SZ000605,渤海股份
SZ000603,盛达矿业
SZ000601,韶能股份
SZ000600,建投能源
SZ000599,青岛双星
SZ000598,兴蓉投资
SZ000597,东北制药
SZ000596,古井贡酒
SZ000595,西北轴承
SZ000593,大通燃气
SZ000592,平潭发展
SZ000591,桐 君 阁
SZ000590,紫光古汉
SZ000589,黔轮胎Ａ
SZ000587,金叶珠宝
SZ000586,汇源通信
SZ000585,东北电气
SZ000584,友利控股
SZ000582,北部湾港
SZ000581,威孚高科
SZ000576,广东甘化
SZ000573,粤宏远Ａ
SZ000572,海马汽车
SZ000571,新大洲Ａ
SZ000570,苏常柴Ａ
SZ000568,泸州老窖
SZ000567,海德股份
SZ000566,海南海药
SZ000565,渝三峡Ａ
SZ000564,西安民生
SZ000563,陕国投Ａ
SZ000562,宏源证券
SZ000561,烽火电子
SZ000560,昆百大Ａ
SZ000559,万向钱潮
SZ000558,莱茵置业
SZ000557,*ST广夏
SZ000555,神州信息
SZ000554,泰山石油
SZ000553,沙隆达Ａ
SZ000552,靖远煤电
SZ000551,创元科技
SZ000550,江铃汽车
SZ000548,湖南投资
SZ000547,闽福发Ａ
SZ000546,光华控股
SZ000545,金浦钛业
SZ000544,中原环保
SZ000543,皖能电力
SZ000541,佛山照明
SZ000540,中天城投
SZ000539,粤电力Ａ
SZ000538,云南白药
SZ000537,广宇发展
SZ000536,华映科技
SZ000534,万泽股份
SZ000533,万 家 乐
SZ000532,力合股份
SZ000531,穗恒运Ａ
SZ000530,大冷股份
SZ000529,广弘控股
SZ000528,柳    工
SZ000526,银润投资
SZ000525,红 太 阳
SZ000524,东方宾馆
SZ000523,广州浪奇
SZ000521,美菱电器
SZ000519,江南红箭
SZ000518,四环生物
SZ000517,荣安地产
SZ000516,开元投资
SZ000514,渝 开 发
SZ000513,丽珠集团
SZ000511,烯碳新材
SZ000510,金路集团
SZ000509,华塑控股
SZ000507,珠海港
SZ000506,中润资源
SZ000505,珠江控股
SZ000504,*ST传媒
SZ000503,海虹控股
SZ000502,绿景控股
SZ000501,鄂武商Ａ
SZ000498,山东路桥
SZ000488,晨鸣纸业
SZ000430,张家界
SZ000429,粤高速Ａ
SZ000428,华天酒店
SZ000426,兴业矿业
SZ000425,徐工机械
SZ000423,东阿阿胶
SZ000422,湖北宜化
SZ000421,南京中北
SZ000420,吉林化纤
SZ000419,通程控股
SZ000418,小天鹅Ａ
SZ000417,合肥百货
SZ000416,民生控股
SZ000415,渤海租赁
SZ000413,东旭光电
SZ000411,英特集团
SZ000410,沈阳机床
SZ000409,山东地矿
SZ000408,金谷源
SZ000407,胜利股份
SZ000404,华意压缩
SZ000403,*ST生化
SZ000402,金 融 街
SZ000401,冀东水泥
SZ000400,许继电气
SZ000338,潍柴动力
SZ000333,美的集团
SZ000301,东方市场
SZ000159,国际实业
SZ000158,常山股份
SZ000157,中联重科
SZ000156,华数传媒
SZ000155,川化股份
SZ000153,丰原药业
SZ000151,中成股份
SZ000150,宜华地产
SZ000100,TCL 集团
SZ000099,中信海直
SZ000096,广聚能源
SZ000090,天健集团
SZ000089,深圳机场
SZ000088,盐 田 港
SZ000078,海王生物
SZ000070,特发信息
SZ000069,华侨城Ａ
SZ000068,华控赛格
SZ000066,长城电脑
SZ000065,北方国际
SZ000063,中兴通讯
SZ000062,深圳华强
SZ000061,农 产 品
SZ000060,中金岭南
SZ000059,华锦股份
SZ000058,深 赛 格
SZ000056,深国商
SZ000055,方大集团
SZ000050,深天马Ａ
SZ000049,德赛电池
SZ000048,康达尔
SZ000046,泛海控股
SZ000045,深纺织Ａ
SZ000043,中航地产
SZ000042,中洲控股
SZ000040,宝安地产
SZ000039,中集集团
SZ000038,深大通
SZ000037,深南电Ａ
SZ000036,华联控股
SZ000035,中国天楹
SZ000034,深信泰丰
SZ000033,*ST新都
SZ000032,深桑达Ａ
SZ000031,中粮地产
SZ000030,富奥股份
SZ000029,深深房Ａ
SZ000028,国药一致
SZ000027,深圳能源
SZ000026,飞亚达Ａ
SZ000025,特  力Ａ
SZ000024,招商地产
SZ000023,深天地Ａ
SZ000022,深赤湾Ａ
SZ000021,长城开发
SZ000020,深华发Ａ
SZ000019,深深宝Ａ
SZ000018,中冠A
SZ000017,深中华A
SZ000016,深康佳Ａ
SZ000014,沙河股份
SZ000012,南  玻Ａ
SZ000011,深物业A
SZ000010,深华新
SZ000009,中国宝安
SZ000008,宝利来
SZ000007,零七股份
SZ000006,深振业Ａ
SZ000005,世纪星源
SZ000004,国农科技
SZ000002,万  科Ａ
SZ000001,平安银行
SH603993,洛阳钼业
SH603766,隆鑫通用
SH603699,纽威股份
SH603688,石英股份
SH603609,禾丰牧业
SH603555,贵人鸟
SH603399,新华龙
SH603369,今世缘
SH603366,日出东方
SH603333,明星电缆
SH603328,依顿电子
SH603308,应流股份
SH603288,海天味业
SH603168,莎普爱思
SH603167,渤海轮渡
SH603128,华贸物流
SH603126,中材节能
SH603123,翠微股份
SH603111,康尼机电
SH603100,N川仪
SH603099,长白山
SH603077,和邦股份
SH603009,北特科技
SH603008,喜临门
SH603006,联明股份
SH603005,晶方科技
SH603003,龙宇燃油
SH603002,宏昌电子
SH603001,奥康国际
SH603000,人民网
SH601999,出版传媒
SH601998,中信银行
SH601996,丰林集团
SH601992,金隅股份
SH601991,大唐发电
SH601989,中国重工
SH601988,中国银行
SH601965,中国汽研
SH601958,金钼股份
SH601939,建设银行
SH601933,永辉超市
SH601929,吉视传媒
SH601928,凤凰传媒
SH601919,中国远洋
SH601918,国投新集
SH601908,京运通
SH601901,方正证券
SH601899,紫金矿业
SH601898,中煤能源
SH601890,亚星锚链
SH601888,中国国旅
SH601886,江河创建
SH601880,大连港
SH601877,正泰电器
SH601872,招商轮船
SH601866,中海集运
SH601857,中国石油
SH601818,光大银行
SH601808,中海油服
SH601801,皖新传媒
SH601800,中国交建
SH601799,星宇股份
SH601798,蓝科高新
SH601789,宁波建工
SH601788,光大证券
SH601777,力帆股份
SH601766,中国南车
SH601727,上海电气
SH601718,际华集团
SH601717,郑煤机
SH601700,风范股份
SH601699,潞安环能
SH601688,华泰证券
SH601678,滨化股份
SH601677,明泰铝业
SH601669,中国电建
SH601668,中国建筑
SH601666,平煤股份
SH601636,旗滨集团
SH601633,长城汽车
SH601628,中国人寿
SH601618,中国中冶
SH601616,广电电气
SH601608,中信重工
SH601607,上海医药
SH601601,中国太保
SH601600,中国铝业
SH601599,鹿港科技
SH601588,北辰实业
SH601579,会稽山
SH601567,三星电气
SH601566,九牧王
SH601555,东吴证券
SH601519,大智慧
SH601518,吉林高速
SH601515,东风股份
SH601398,工商银行
SH601390,中国中铁
SH601388,怡球资源
SH601377,兴业证券
SH601369,陕鼓动力
SH601339,百隆东方
SH601336,新华保险
SH601333,广深铁路
SH601328,交通银行
SH601318,中国平安
SH601313,江南嘉捷
SH601311,骆驼股份
SH601299,中国北车
SH601288,农业银行
SH601258,庞大集团
SH601238,广汽集团
SH601233,桐昆股份
SH601231,环旭电子
SH601225,陕西煤业
SH601222,林洋电子
SH601218,吉鑫科技
SH601216,内蒙君正
SH601208,东材科技
SH601199,江南水务
SH601188,龙江交通
SH601186,中国铁建
SH601179,中国西电
SH601177,杭齿前进
SH601169,北京银行
SH601168,西部矿业
SH601166,兴业银行
SH601158,重庆水务
SH601139,深圳燃气
SH601137,博威合金
SH601126,四方股份
SH601118,海南橡胶
SH601117,中国化学
SH601116,三江购物
SH601113,华鼎股份
SH601111,中国国航
SH601107,四川成渝
SH601106,中国一重
SH601101,昊华能源
SH601100,恒立油缸
SH601099,太平洋
SH601098,中南传媒
SH601088,中国神华
SH601058,赛轮股份
SH601038,一拖股份
SH601028,玉龙股份
SH601018,宁波港
SH601012,隆基股份
SH601011,宝泰隆
SH601010,文峰股份
SH601009,南京银行
SH601008,连云港
SH601007,金陵饭店
SH601006,大秦铁路
SH601005,重庆钢铁
SH601003,柳钢股份
SH601002,晋亿实业
SH601001,大同煤业
SH601000,唐山港
SH600999,招商证券
SH600998,九州通
SH600997,开滦股份
SH600995,文山电力
SH600993,马应龙
SH600992,贵绳股份
SH600990,四创电子
SH600988,赤峰黄金
SH600987,航民股份
SH600986,科达股份
SH600985,雷鸣科化
SH600984,建设机械
SH600983,合肥三洋
SH600982,宁波热电
SH600981,汇鸿股份
SH600980,北矿磁材
SH600979,广安爱众
SH600978,宜华木业
SH600976,武汉健民
SH600975,新五丰
SH600973,宝胜股份
SH600971,恒源煤电
SH600970,中材国际
SH600969,郴电国际
SH600967,北方创业
SH600966,博汇纸业
SH600965,福成五丰
SH600963,岳阳林纸
SH600962,国投中鲁
SH600961,株冶集团
SH600960,渤海活塞
SH600900,长江电力
SH600898,三联商社
SH600897,厦门空港
SH600896,中海海盛
SH600895,张江高科
SH600894,广日股份
SH600893,航空动力
SH600892,宝诚股份
SH600891,秋林集团
SH600890,中房股份
SH600889,南京化纤
SH600888,新疆众和
SH600887,伊利股份
SH600886,国投电力
SH600885,宏发股份
SH600884,杉杉股份
SH600883,博闻科技
SH600882,华联矿业
SH600881,亚泰集团
SH600880,博瑞传播
SH600879,航天电子
SH600877,中国嘉陵
SH600876,洛阳玻璃
SH600875,东方电气
SH600874,创业环保
SH600873,梅花生物
SH600872,中炬高新
SH600870,厦华电子
SH600869,远东电缆
SH600868,梅雁吉祥
SH600867,通化东宝
SH600866,星湖科技
SH600865,百大集团
SH600864,哈投股份
SH600863,内蒙华电
SH600862,南通科技
SH600861,北京城乡
SH600859,王府井
SH600858,银座股份
SH600857,工大首创
SH600856,长百集团
SH600855,航天长峰
SH600854,春兰股份
SH600853,龙建股份
SH600851,海欣股份
SH600850,华东电脑
SH600848,自仪股份
SH600847,万里股份
SH600846,同济科技
SH600845,宝信软件
SH600844,丹化科技
SH600843,上工申贝
SH600841,上柴股份
SH600839,四川长虹
SH600838,上海九百
SH600837,海通证券
SH600836,界龙实业
SH600835,上海机电
SH600834,申通地铁
SH600833,第一医药
SH600832,东方明珠
SH600831,广电网络
SH600830,香溢融通
SH600829,三精制药
SH600828,成商集团
SH600827,友谊股份
SH600826,兰生股份
SH600825,新华传媒
SH600824,益民集团
SH600823,世茂股份
SH600822,上海物贸
SH600821,津劝业
SH600820,隧道股份
SH600819,耀皮玻璃
SH600818,中路股份
SH600816,安信信托
SH600815,厦工股份
SH600814,杭州解百
SH600812,华北制药
SH600811,东方集团
SH600810,神马股份
SH600809,山西汾酒
SH600808,马钢股份
SH600807,天业股份
SH600806,昆明机床
SH600805,悦达投资
SH600804,鹏博士
SH600803,威远生化
SH600802,福建水泥
SH600801,华新水泥
SH600800,天津磁卡
SH600798,宁波海运
SH600797,浙大网新
SH600796,钱江生化
SH600795,国电电力
SH600794,保税科技
SH600792,云煤能源
SH600791,京能置业
SH600790,轻纺城
SH600789,鲁抗医药
SH600787,中储股份
SH600785,新华百货
SH600784,鲁银投资
SH600783,鲁信创投
SH600782,新钢股份
SH600781,辅仁药业
SH600780,通宝能源
SH600779,水井坊
SH600778,友好集团
SH600777,新潮实业
SH600776,东方通信
SH600775,南京熊猫
SH600774,汉商集团
SH600773,西藏城投
SH600771,广誉远
SH600770,综艺股份
SH600769,祥龙电业
SH600768,宁波富邦
SH600767,运盛实业
SH600766,园城黄金
SH600765,中航重机
SH600764,中电广通
SH600763,通策医疗
SH600761,安徽合力
SH600760,中航黑豹
SH600759,正和股份
SH600758,红阳能源
SH600757,长江传媒
SH600756,浪潮软件
SH600755,厦门国贸
SH600754,锦江股份
SH600753,东方银星
SH600751,天津海运
SH600750,江中药业
SH600749,西藏旅游
SH600748,上实发展
SH600747,大连控股
SH600746,江苏索普
SH600745,中茵股份
SH600744,华银电力
SH600743,华远地产
SH600742,一汽富维
SH600741,华域汽车
SH600740,山西焦化
SH600739,辽宁成大
SH600738,兰州民百
SH600737,中粮屯河
SH600736,苏州高新
SH600735,新华锦
SH600734,实达集团
SH600733,S前锋
SH600732,上海新梅
SH600731,湖南海利
SH600730,中国高科
SH600729,重庆百货
SH600728,佳都科技
SH600727,鲁北化工
SH600726,华电能源
SH600725,云维股份
SH600724,宁波富达
SH600723,首商股份
SH600722,金牛化工
SH600721,百花村
SH600720,祁连山
SH600719,大连热电
SH600718,东软集团
SH600717,天津港
SH600716,凤凰股份
SH600715,松辽汽车
SH600714,金瑞矿业
SH600713,南京医药
SH600712,南宁百货
SH600711,盛屯矿业
SH600710,常林股份
SH600708,海博股份
SH600707,彩虹股份
SH600706,曲江文旅
SH600705,中航资本
SH600704,物产中大
SH600703,三安光电
SH600702,沱牌舍得
SH600701,工大高新
SH600699,均胜电子
SH600698,湖南天雁
SH600697,欧亚集团
SH600696,多伦股份
SH600695,大江股份
SH600694,大商股份
SH600693,东百集团
SH600692,亚通股份
SH600691,阳煤化工
SH600690,青岛海尔
SH600688,上海石化
SH600687,刚泰控股
SH600686,金龙汽车
SH600685,广船国际
SH600684,珠江实业
SH600683,京投银泰
SH600682,南京新百
SH600681,万鸿集团
SH600680,上海普天
SH600679,金山开发
SH600678,四川金顶
SH600677,航天通信
SH600676,交运股份
SH600675,中华企业
SH600674,川投能源
SH600673,东阳光科
SH600671,天目药业
SH600668,尖峰集团
SH600667,太极实业
SH600666,西南药业
SH600665,天地源
SH600664,哈药股份
SH600663,陆家嘴
SH600662,强生控股
SH600661,新南洋
SH600660,福耀玻璃
SH600658,电子城
SH600657,信达地产
SH600656,博元投资
SH600655,豫园商城
SH600654,飞乐股份
SH600653,申华控股
SH600652,爱使股份
SH600651,飞乐音响
SH600650,锦江投资
SH600649,城投控股
SH600648,外高桥
SH600647,同达创业
SH600645,中源协和
SH600644,乐山电力
SH600643,爱建股份
SH600642,申能股份
SH600641,万业企业
SH600640,号百控股
SH600639,浦东金桥
SH600638,新黄浦
SH600637,百视通
SH600636,三爱富
SH600635,大众公用
SH600634,中技控股
SH600633,浙报传媒
SH600630,龙头股份
SH600629,棱光实业
SH600628,新世界
SH600626,申达股份
SH600624,复旦复华
SH600623,双钱股份
SH600622,嘉宝集团
SH600621,华鑫股份
SH600620,天宸股份
SH600619,海立股份
SH600618,氯碱化工
SH600617,国新能源
SH600616,金枫酒业
SH600615,丰华股份
SH600614,鼎立股份
SH600613,神奇制药
SH600612,老凤祥
SH600611,大众交通
SH600609,金杯汽车
SH600608,上海科技
SH600606,金丰投资
SH600605,汇通能源
SH600604,市北高新
SH600603,大洲兴业
SH600602,仪电电子
SH600601,方正科技
SH600600,青岛啤酒
SH600599,熊猫烟花
SH600597,光明乳业
SH600596,新安股份
SH600595,中孚实业
SH600594,益佰制药
SH600593,大连圣亚
SH600592,XD龙溪股
SH600590,泰豪科技
SH600589,广东榕泰
SH600588,用友软件
SH600587,新华医疗
SH600586,金晶科技
SH600585,海螺水泥
SH600584,长电科技
SH600583,海油工程
SH600582,天地科技
SH600581,八一钢铁
SH600580,卧龙电气
SH600579,天华院
SH600578,京能电力
SH600577,精达股份
SH600576,万好万家
SH600575,芜湖港
SH600573,惠泉啤酒
SH600572,康恩贝
SH600571,信雅达
SH600570,恒生电子
SH600569,安阳钢铁
SH600568,中珠控股
SH600567,山鹰纸业
SH600566,洪城股份
SH600565,迪马股份
SH600563,法拉电子
SH600562,国睿科技
SH600561,江西长运
SH600560,金自天正
SH600559,老白干酒
SH600558,大西洋
SH600557,康缘药业
SH600556,北生药业
SH600555,九龙山
SH600552,方兴科技
SH600551,时代出版
SH600549,厦门钨业
SH600548,深高速
SH600547,山东黄金
SH600546,山煤国际
SH600545,新疆城建
SH600543,莫高股份
SH600540,新赛股份
SH600539,狮头股份
SH600538,国发股份
SH600537,亿晶光电
SH600536,中国软件
SH600535,天士力
SH600533,栖霞建设
SH600532,宏达矿业
SH600531,豫光金铅
SH600530,交大昂立
SH600529,山东药玻
SH600528,中铁二局
SH600527,江南高纤
SH600526,菲达环保
SH600525,长园集团
SH600523,贵航股份
SH600522,中天科技
SH600521,华海药业
SH600520,中发科技
SH600519,贵州茅台
SH600518,康美药业
SH600517,置信电气
SH600516,方大炭素
SH600515,海岛建设
SH600513,联环药业
SH600512,腾达建设
SH600511,国药股份
SH600510,黑牡丹
SH600509,天富能源
SH600508,上海能源
SH600507,方大特钢
SH600506,香梨股份
SH600505,西昌电力
SH600503,华丽家族
SH600502,安徽水利
SH600501,航天晨光
SH600500,中化国际
SH600499,科达洁能
SH600498,烽火通信
SH600497,驰宏锌锗
SH600496,精工钢构
SH600495,晋西车轴
SH600493,凤竹纺织
SH600491,龙元建设
SH600490,鹏欣资源
SH600489,中金黄金
SH600488,天药股份
SH600487,亨通光电
SH600486,扬农化工
SH600485,中创信测
SH600483,福建南纺
SH600482,风帆股份
SH600481,双良节能
SH600480,凌云股份
SH600479,千金药业
SH600478,科力远
SH600477,杭萧钢构
SH600476,湘邮科技
SH600475,华光股份
SH600470,六国化工
SH600469,风神股份
SH600468,百利电气
SH600467,好当家
SH600466,迪康药业
SH600463,空港股份
SH600462,石岘纸业
SH600461,洪城水业
SH600460,士兰微
SH600459,贵研铂业
SH600458,时代新材
SH600456,宝钛股份
SH600455,博通股份
SH600452,涪陵电力
SH600449,宁夏建材
SH600448,华纺股份
SH600446,金证股份
SH600444,国通管业
SH600439,瑞贝卡
SH600438,通威股份
SH600436,片仔癀
SH600435,北方导航
SH600433,冠豪高新
SH600432,吉恩镍业
SH600429,三元股份
SH600428,中远航运
SH600426,华鲁恒升
SH600425,青松建化
SH600423,柳化股份
SH600422,昆明制药
SH600421,仰帆控股
SH600420,现代制药
SH600419,天润乳业
SH600418,江淮汽车
SH600416,湘电股份
SH600415,小商品城
SH600410,华胜天成
SH600409,三友化工
SH600408,安泰集团
SH600406,国电南瑞
SH600405,动力源
SH600403,大有能源
SH600401,海润光伏
SH600400,红豆股份
SH600399,抚顺特钢
SH600398,海澜之家
SH600397,安源煤业
SH600396,金山股份
SH600395,盘江股份
SH600393,东华实业
SH600392,盛和资源
SH600391,成发科技
SH600390,金瑞科技
SH600389,江山股份
SH600388,龙净环保
SH600387,海越股份
SH600386,北巴传媒
SH600383,金地集团
SH600382,广东明珠
SH600380,健康元
SH600379,宝光股份
SH600378,天科股份
SH600377,宁沪高速
SH600376,首开股份
SH600375,华菱星马
SH600373,中文传媒
SH600372,中航电子
SH600371,万向德农
SH600370,三房巷
SH600369,西南证券
SH600368,五洲交通
SH600367,红星发展
SH600366,宁波韵升
SH600365,通葡股份
SH600363,联创光电
SH600362,江西铜业
SH600361,华联综超
SH600360,华微电子
SH600359,新农开发
SH600358,国旅联合
SH600356,恒丰纸业
SH600355,精伦电子
SH600354,敦煌种业
SH600353,旭光股份
SH600352,浙江龙盛
SH600351,亚宝药业
SH600350,山东高速
SH600348,阳泉煤业
SH600346,大橡塑
SH600345,长江通信
SH600343,航天动力
SH600340,华夏幸福
SH600339,天利高新
SH600338,西藏珠峰
SH600337,美克家居
SH600336,澳柯玛
SH600335,国机汽车
SH600333,长春燃气
SH600332,白云山
SH600331,宏达股份
SH600330,天通股份
SH600329,中新药业
SH600328,兰太实业
SH600327,大东方
SH600326,西藏天路
SH600325,华发股份
SH600323,瀚蓝环境
SH600322,天房发展
SH600321,国栋建设
SH600320,振华重工
SH600319,亚星化学
SH600318,巢东股份
SH600317,营口港
SH600316,洪都航空
SH600315,上海家化
SH600313,农发种业
SH600312,平高电气
SH600311,荣华实业
SH600310,桂东电力
SH600309,万华化学
SH600308,华泰股份
SH600307,酒钢宏兴
SH600305,恒顺醋业
SH600303,曙光股份
SH600302,标准股份
SH600300,维维股份
SH600298,安琪酵母
SH600297,美罗药业
SH600295,鄂尔多斯
SH600293,三峡新材
SH600292,中电远达
SH600291,西水股份
SH600290,华仪电气
SH600289,亿阳信通
SH600288,大恒科技
SH600287,江苏舜天
SH600285,羚锐制药
SH600284,浦东建设
SH600283,钱江水利
SH600281,太化股份
SH600280,中央商场
SH600279,重庆港九
SH600278,东方创业
SH600277,亿利能源
SH600276,恒瑞医药
SH600275,武昌鱼
SH600273,华芳纺织
SH600272,开开实业
SH600271,航天信息
SH600270,外运发展
SH600269,赣粤高速
SH600268,国电南自
SH600267,海正药业
SH600266,北京城建
SH600262,北方股份
SH600261,阳光照明
SH600260,凯乐科技
SH600259,广晟有色
SH600258,首旅酒店
SH600257,大湖股份
SH600256,广汇能源
SH600255,鑫科材料
SH600252,中恒集团
SH600251,冠农股份
SH600250,南纺股份
SH600249,两面针
SH600248,延长化建
SH600246,万通地产
SH600243,青海华鼎
SH600242,中昌海运
SH600241,时代万恒
SH600240,华业地产
SH600239,云南城投
SH600238,海南椰岛
SH600237,铜峰电子
SH600236,桂冠电力
SH600235,民丰特纸
SH600234,山水文化
SH600233,大杨创世
SH600232,金鹰股份
SH600231,凌钢股份
SH600230,沧州大化
SH600229,青岛碱业
SH600227,赤天化
SH600226,升华拜克
SH600225,天津松江
SH600223,鲁商置业
SH600222,太龙药业
SH600221,海南航空
SH600220,江苏阳光
SH600219,南山铝业
SH600218,全柴动力
SH600217,秦岭水泥
SH600216,浙江医药
SH600215,长春经开
SH600213,亚星客车
SH600212,江泉实业
SH600211,西藏药业
SH600210,紫江企业
SH600209,罗顿发展
SH600208,新湖中宝
SH600207,安彩高科
SH600206,有研新材
SH600203,福日电子
SH600202,哈空调
SH600201,金宇集团
SH600200,江苏吴中
SH600199,金种子酒
SH600198,大唐电信
SH600197,伊力特
SH600196,复星医药
SH600195,中牧股份
SH600193,创兴资源
SH600192,长城电工
SH600191,华资实业
SH600190,锦州港
SH600189,吉林森工
SH600188,兖州煤业
SH600187,国中水务
SH600186,莲花味精
SH600185,格力地产
SH600184,光电股份
SH600183,生益科技
SH600182,S佳通
SH600180,瑞茂通
SH600179,黑化股份
SH600177,雅戈尔
SH600176,中国玻纤
SH600175,美都控股
SH600173,卧龙地产
SH600172,黄河旋风
SH600171,上海贝岭
SH600170,上海建工
SH600169,太原重工
SH600168,武汉控股
SH600167,联美控股
SH600166,福田汽车
SH600165,新日恒力
SH600163,福建南纸
SH600162,香江控股
SH600161,天坛生物
SH600160,巨化股份
SH600159,大龙地产
SH600158,中体产业
SH600157,永泰能源
SH600156,华升股份
SH600155,宝硕股份
SH600153,建发股份
SH600152,维科精华
SH600151,航天机电
SH600150,中国船舶
SH600149,廊坊发展
SH600148,长春一东
SH600146,大元股份
SH600143,金发科技
SH600141,兴发集团
SH600139,西部资源
SH600138,中青旅
SH600137,浪莎股份
SH600136,道博股份
SH600135,乐凯胶片
SH600133,东湖高新
SH600132,重庆啤酒
SH600131,岷江水电
SH600130,波导股份
SH600129,太极集团
SH600128,弘业股份
SH600127,金健米业
SH600126,杭钢股份
SH600125,铁龙物流
SH600123,兰花科创
SH600122,宏图高科
SH600121,郑州煤电
SH600120,浙江东方
SH600119,长江投资
SH600118,中国卫星
SH600117,西宁特钢
SH600116,三峡水利
SH600115,东方航空
SH600114,东睦股份
SH600113,浙江东日
SH600112,天成控股
SH600111,包钢稀土
SH600110,中科英华
SH600109,国金证券
SH600108,亚盛集团
SH600107,美尔雅
SH600106,重庆路桥
SH600105,永鼎股份
SH600104,上汽集团
SH600103,青山纸业
SH600101,明星电力
SH600100,同方股份
SH600099,林海股份
SH600098,广州发展
SH600097,开创国际
SH600096,云天化
SH600095,哈高科
SH600094,大名城
SH600093,禾嘉股份
SH600090,啤酒花
SH600089,特变电工
SH600088,中视传媒
SH600086,东方金钰
SH600085,同仁堂
SH600084,中葡股份
SH600083,博信股份
SH600082,海泰发展
SH600081,东风科技
SH600080,金花股份
SH600079,人福医药
SH600078,澄星股份
SH600077,宋都股份
SH600076,青鸟华光
SH600074,中达股份
SH600073,上海梅林
SH600071,凤凰光学
SH600070,浙江富润
SH600069,银鸽投资
SH600068,葛洲坝
SH600067,冠城大通
SH600066,宇通客车
SH600064,南京高科
SH600063,皖维高新
SH600062,华润双鹤
SH600061,中纺投资
SH600060,海信电器
SH600059,古越龙山
SH600058,五矿发展
SH600057,象屿股份
SH600056,中国医药
SH600055,华润万东
SH600054,黄山旅游
SH600053,中江地产
SH600052,浙江广厦
SH600051,宁波联合
SH600050,中国联通
SH600048,保利地产
SH600039,四川路桥
SH600038,哈飞股份
SH600037,歌华有线
SH600036,招商银行
SH600035,楚天高速
SH600033,福建高速
SH600031,三一重工
SH600030,中信证券
SH600029,南方航空
SH600028,中国石化
SH600027,华电国际
SH600026,中海发展
SH600023,浙能电力
SH600022,山东钢铁
SH600021,上海电力
SH600020,中原高速
SH600019,宝钢股份
SH600018,上港集团
SH600017,日照港
SH600016,民生银行
SH600015,华夏银行
SH600012,皖通高速
SH600011,华能国际
SH600010,包钢股份
SH600009,上海机场
SH600008,首创股份
SH600007,中国国贸
SH600006,东风汽车
SH600005,武钢股份
SH600004,白云机场
SH600000,浦发银行
